,ROUGE-1,MI,GPPM,Response Length,TVD-MI,LLM-Judge (w/ context),LLM-Judge (w/o context)
ROUGE-1,1.0,0.782703886152162,-0.7739463601532567,0.12807881773399016,0.7515051997810619,0.36617405582922824,0.24302134646962234
MI,0.782703886152162,1.0,-0.9408866995073891,0.31800766283524906,0.9080459770114943,0.7361795292829776,0.5938697318007663
GPPM,-0.7739463601532567,-0.9408866995073891,1.0,-0.41488779419813904,-0.9419813902572524,-0.6721401204159825,-0.5084838533114395
Response Length,0.12807881773399016,0.31800766283524906,-0.41488779419813904,1.0,0.3563218390804598,0.548440065681445,0.6847290640394089
TVD-MI,0.7515051997810619,0.9080459770114943,-0.9419813902572524,0.3563218390804598,1.0,0.6529830322933772,0.4575807334428024
LLM-Judge (w/ context),0.36617405582922824,0.7361795292829776,-0.6721401204159825,0.548440065681445,0.6529830322933772,1.0,0.9233716475095786
LLM-Judge (w/o context),0.24302134646962234,0.5938697318007663,-0.5084838533114395,0.6847290640394089,0.4575807334428024,0.9233716475095786,1.0
