,ROUGE-1,MI,GPPM,Response Length,TVD-MI,LLM-Judge (w/ context),LLM-Judge (w/o context)
ROUGE-1,1.0,0.87192812741582,-0.8858442634125918,-0.08214464883394841,0.8192351088218992,0.35957542601994624,0.15911695469266907
MI,0.87192812741582,1.0,-0.9729504500007384,-0.0899378583810175,0.8958039195772463,0.5972765414352711,0.36519039475208126
GPPM,-0.8858442634125918,-0.9729504500007384,1.0,-0.029868635664812012,-0.8906745012530414,-0.5802235800368968,-0.34350362408238627
Response Length,-0.08214464883394841,-0.0899378583810175,-0.029868635664812012,1.0,-0.3340572729188972,0.4887801790706007,0.6496230049269889
TVD-MI,0.8192351088218992,0.8958039195772463,-0.8906745012530414,-0.3340572729188972,1.0,0.38991195894355285,0.06967487847810667
LLM-Judge (w/ context),0.35957542601994624,0.5972765414352711,-0.5802235800368968,0.4887801790706007,0.38991195894355285,1.0,0.924650385488505
LLM-Judge (w/o context),0.15911695469266907,0.36519039475208126,-0.34350362408238627,0.6496230049269889,0.06967487847810667,0.924650385488505,1.0
