,ROUGE-1,MI,GPPM,Response Length,TVD-MI,LLM-Judge (w/ context),LLM-Judge (w/o context)
ROUGE-1,1.0,0.3689471852320632,-0.6964052299922424,0.35231425982450865,0.6580018332868482,0.7752986657352977,0.7314692180385259
MI,0.3689471852320632,1.0,-0.6716320098553528,-0.13468667153728045,0.5134743688331763,0.41337626087099255,0.12958496004489706
GPPM,-0.6964052299922424,-0.6716320098553528,1.0,-0.5772671282678803,-0.8241443106628193,-0.7851755832257054,-0.5275079278470027
Response Length,0.35231425982450865,-0.13468667153728045,-0.5772671282678803,1.0,0.4488113601448215,0.6036354011743528,0.6131412656705838
TVD-MI,0.6580018332868482,0.5134743688331763,-0.8241443106628193,0.4488113601448215,1.0,0.8236124602743544,0.5149252197961575
LLM-Judge (w/ context),0.7752986657352977,0.41337626087099255,-0.7851755832257054,0.6036354011743528,0.8236124602743544,1.0,0.8685979930408045
LLM-Judge (w/o context),0.7314692180385259,0.12958496004489706,-0.5275079278470027,0.6131412656705838,0.5149252197961575,0.8685979930408045,1.0
