,ROUGE-1,MI,GPPM,Response Length,TVD-MI,LLM-Judge (w/ context),LLM-Judge (w/o context)
ROUGE-1,1.0,0.6852216748768473,-0.7467980295566502,0.21133004926108373,0.7049261083743842,0.7866995073891626,0.6896551724137931
MI,0.6852216748768473,1.0,-0.7354679802955665,0.02561576354679803,0.6497536945812807,0.547783251231527,0.32857142857142857
GPPM,-0.7467980295566502,-0.7354679802955665,1.0,-0.59064039408867,-0.8783251231527094,-0.7990147783251231,-0.6093596059113301
Response Length,0.21133004926108373,0.02561576354679803,-0.59064039408867,1.0,0.506896551724138,0.5339901477832513,0.5423645320197045
TVD-MI,0.7049261083743842,0.6497536945812807,-0.8783251231527094,0.506896551724138,1.0,0.8881773399014778,0.6334975369458128
LLM-Judge (w/ context),0.7866995073891626,0.547783251231527,-0.7990147783251231,0.5339901477832513,0.8881773399014778,1.0,0.8600985221674877
LLM-Judge (w/o context),0.6896551724137931,0.32857142857142857,-0.6093596059113301,0.5423645320197045,0.6334975369458128,0.8600985221674877,1.0
